"id","am_priref","ec_id","am_uri","ec_uri","name_exact","name_fuzzy","rkd_uri","bd_years","bd_dates","matched"
"32431","23919","19414",,"http://www.vondel.humanities.uva.nl/ecartico/persons/19414","0","1","0","1","0","1"
"32353","31452","19181",,"http://www.vondel.humanities.uva.nl/ecartico/persons/19181","0","1","0","1","0","1"
"32345","13978","6292",,"http://www.vondel.humanities.uva.nl/ecartico/persons/6292","0","1","1","1","1","1"
"32339","23728","6183",,"http://www.vondel.humanities.uva.nl/ecartico/persons/6183","0","1","1","1","0","1"
"32336","23726","10823",,"http://www.vondel.humanities.uva.nl/ecartico/persons/10823","0","1","1","1","0","1"
"32331","31200","6120",,"http://www.vondel.humanities.uva.nl/ecartico/persons/6120","0","1","1","1","0","1"
"32325","23711","6103",,"http://www.vondel.humanities.uva.nl/ecartico/persons/6103","0","1","0","1","0","1"
"32322","79075","6078",,"http://www.vondel.humanities.uva.nl/ecartico/persons/6078","0","1","0","1","1","1"
"32318","31079","6157",,"http://www.vondel.humanities.uva.nl/ecartico/persons/6157","0","1","0","1","0","1"
"32315","31073","6023",,"http://www.vondel.humanities.uva.nl/ecartico/persons/6023","0","1","0","1","0","1"
"32313","31072","7265",,"http://www.vondel.humanities.uva.nl/ecartico/persons/7265","0","1","0","1","0","1"
"32369","63821","6460",,"http://www.vondel.humanities.uva.nl/ecartico/persons/6460","0","1","0","1","0","1"
"32373","23816","6522",,"http://www.vondel.humanities.uva.nl/ecartico/persons/6522","0","1","1","1","0","1"
"32385","31761","6612",,"http://www.vondel.humanities.uva.nl/ecartico/persons/6612","0","1","0","1","0","1"
"32429","59338","11714",,"http://www.vondel.humanities.uva.nl/ecartico/persons/11714","0","1","0","1","0","1"
"32426","32162","7010",,"http://www.vondel.humanities.uva.nl/ecartico/persons/7010","0","0","1","1","0","1"
"32422","32103","19382",,"http://www.vondel.humanities.uva.nl/ecartico/persons/19382","0","1","0","1","0","1"
"32407","32031","6839",,"http://www.vondel.humanities.uva.nl/ecartico/persons/6839","0","1","0","1","0","1"
"32403","31911","6748",,"http://www.vondel.humanities.uva.nl/ecartico/persons/6748","0","1","0","1","1","1"
"32401","31903","19312",,"http://www.vondel.humanities.uva.nl/ecartico/persons/19312","0","1","0","1","0","1"
"32398","80348","6677",,"http://www.vondel.humanities.uva.nl/ecartico/persons/6677","0","1","0","1","0","1"
"32393","31818","6636",,"http://www.vondel.humanities.uva.nl/ecartico/persons/6636","0","1","0","1","0","1"
"32392","63832","13313",,"http://www.vondel.humanities.uva.nl/ecartico/persons/13313","0","0","1","1","0","1"
"32387","31767","6613",,"http://www.vondel.humanities.uva.nl/ecartico/persons/6613","0","1","1","1","0","1"
"32311","31045","5981",,"http://www.vondel.humanities.uva.nl/ecartico/persons/5981","0","1","0","1","0","1"
"32310","13200","5980",,"http://www.vondel.humanities.uva.nl/ecartico/persons/5980","0","1","1","1","0","1"
"32225","30472","5351",,"http://www.vondel.humanities.uva.nl/ecartico/persons/5351","0","1","1","1","0","1"
"32222","30457","5335",,"http://www.vondel.humanities.uva.nl/ecartico/persons/5335","0","1","0","1","0","1"
"32218","30437","5314",,"http://www.vondel.humanities.uva.nl/ecartico/persons/5314","0","0","1","1","0","1"
"32217","30402","5285",,"http://www.vondel.humanities.uva.nl/ecartico/persons/5285","0","1","0","1","1","1"
"32216","23553","5550",,"http://www.vondel.humanities.uva.nl/ecartico/persons/5550","0","1","1","1","0","1"
"32209","23551","5267",,"http://www.vondel.humanities.uva.nl/ecartico/persons/5267","0","1","1","1","0","1"
"32207","30380","5266",,"http://www.vondel.humanities.uva.nl/ecartico/persons/5266","0","1","1","1","1","1"
"32204","30361","5257",,"http://www.vondel.humanities.uva.nl/ecartico/persons/5257","0","1","1","1","0","1"
"32199","30281","18840",,"http://www.vondel.humanities.uva.nl/ecartico/persons/18840","0","1","0","1","0","1"
"32198","30262","12289",,"http://www.vondel.humanities.uva.nl/ecartico/persons/12289","0","1","0","1","0","1"
"32226","79197","5475",,"http://www.vondel.humanities.uva.nl/ecartico/persons/5475","0","1","0","1","0","1"
"32229","11975","5483",,"http://www.vondel.humanities.uva.nl/ecartico/persons/5483","0","1","1","1","0","1"
"32232","30525","5507",,"http://www.vondel.humanities.uva.nl/ecartico/persons/5507","0","1","1","1","0","1"
"32281","30859","5806",,"http://www.vondel.humanities.uva.nl/ecartico/persons/5806","0","1","1","1","0","1"
"32280","23652","5805",,"http://www.vondel.humanities.uva.nl/ecartico/persons/5805","0","1","1","1","0","1"
"32275","30795","18979",,"http://www.vondel.humanities.uva.nl/ecartico/persons/18979","0","1","0","1","0","1"
"32270","67683","5702",,"http://www.vondel.humanities.uva.nl/ecartico/persons/5702","0","1","1","1","0","1"
"32266","55854","5679",,"http://www.vondel.humanities.uva.nl/ecartico/persons/5679","0","1","0","1","0","1"
"32262","12405","5634",,"http://www.vondel.humanities.uva.nl/ecartico/persons/5634","0","1","0","1","0","1"
"32256","23607","5606",,"http://www.vondel.humanities.uva.nl/ecartico/persons/5606","0","1","1","1","0","1"
"32245","23595","5562",,"http://www.vondel.humanities.uva.nl/ecartico/persons/5562","0","1","0","1","0","1"
"32238","30567","18919",,"http://www.vondel.humanities.uva.nl/ecartico/persons/18919","0","1","0","1","0","1"
"32236","30544","5517",,"http://www.vondel.humanities.uva.nl/ecartico/persons/5517","0","1","0","1","0","1"
"32194","30180","4890",,"http://www.vondel.humanities.uva.nl/ecartico/persons/4890","0","1","1","1","1","1"
"32437","16134","7074",,"http://www.vondel.humanities.uva.nl/ecartico/persons/7074","0","1","1","1","0","1"
"33156","32396","7322",,"http://www.vondel.humanities.uva.nl/ecartico/persons/7322","0","1","1","1","0","1"
"32694","55670","982",,"http://www.vondel.humanities.uva.nl/ecartico/persons/982","0","1","1","1","0","1"
"32665","26342","878",,"http://www.vondel.humanities.uva.nl/ecartico/persons/878","0","1","1","1","0","1"
"32658","26268","835",,"http://www.vondel.humanities.uva.nl/ecartico/persons/835","0","1","1","1","0","1"
"32635","22789","676",,"http://www.vondel.humanities.uva.nl/ecartico/persons/676","0","1","1","1","0","1"
"32630","25995","671",,"http://www.vondel.humanities.uva.nl/ecartico/persons/671","0","1","1","1","0","1"
"32608","79624","8511",,"http://www.vondel.humanities.uva.nl/ecartico/persons/8511","0","1","1","1","0","1"
"32600","19123","8425",,"http://www.vondel.humanities.uva.nl/ecartico/persons/8425","0","1","1","1","0","1"
"32598","33364","8979",,"http://www.vondel.humanities.uva.nl/ecartico/persons/8979","0","1","0","1","1","1"
"32597","33353","19815",,"http://www.vondel.humanities.uva.nl/ecartico/persons/19815","0","1","0","1","0","1"
"32594","18990","8368",,"http://www.vondel.humanities.uva.nl/ecartico/persons/8368","0","1","0","1","0","1"
"32740","79084","1459",,"http://www.vondel.humanities.uva.nl/ecartico/persons/1459","0","1","1","1","0","1"
"32746","27079","1580",,"http://www.vondel.humanities.uva.nl/ecartico/persons/1580","0","1","0","1","0","1"
"32846","28488","3346",,"http://www.vondel.humanities.uva.nl/ecartico/persons/3346","0","1","0","1","0","1"
"33127","31808","6639",,"http://www.vondel.humanities.uva.nl/ecartico/persons/6639","0","1","1","1","0","1"
"33107","79617","6458",,"http://www.vondel.humanities.uva.nl/ecartico/persons/6458","0","1","0","1","0","1"
"33103","31615","6432",,"http://www.vondel.humanities.uva.nl/ecartico/persons/6432","0","0","1","1","0","1"
"33072","78998","6119",,"http://www.vondel.humanities.uva.nl/ecartico/persons/6119","0","1","1","1","0","1"
"33048","25239","5891",,"http://www.vondel.humanities.uva.nl/ecartico/persons/5891","0","1","0","1","0","1"
"33018","12293","5589",,"http://www.vondel.humanities.uva.nl/ecartico/persons/5589","0","1","0","1","0","1"
"32977","30184","4892",,"http://www.vondel.humanities.uva.nl/ecartico/persons/4892","0","1","1","1","0","1"
"32943","64630","4369",,"http://www.vondel.humanities.uva.nl/ecartico/persons/4369","0","1","0","1","0","1"
"32876","28709","3572",,"http://www.vondel.humanities.uva.nl/ecartico/persons/3572","0","1","0","1","0","1"
"32862","28630","3474",,"http://www.vondel.humanities.uva.nl/ecartico/persons/3474","0","0","1","1","0","1"
"32591","33337","8367",,"http://www.vondel.humanities.uva.nl/ecartico/persons/8367","0","1","1","1","0","1"
"32586","33322","19798",,"http://www.vondel.humanities.uva.nl/ecartico/persons/19798","0","1","0","1","0","1"
"32476","32570","7510",,"http://www.vondel.humanities.uva.nl/ecartico/persons/7510","0","1","0","1","0","1"
"32461","16718","7909",,"http://www.vondel.humanities.uva.nl/ecartico/persons/7909","0","1","0","1","0","1"
"32460","32401","7328",,"http://www.vondel.humanities.uva.nl/ecartico/persons/7328","0","1","1","1","0","1"
"32459","32400","7327",,"http://www.vondel.humanities.uva.nl/ecartico/persons/7327","0","1","1","1","0","1"
"32455","32364","19482",,"http://www.vondel.humanities.uva.nl/ecartico/persons/19482","0","1","0","1","0","1"
"32448","32294","19450",,"http://www.vondel.humanities.uva.nl/ecartico/persons/19450","0","1","0","1","0","1"
"32447","32293","19447",,"http://www.vondel.humanities.uva.nl/ecartico/persons/19447","0","1","0","1","0","1"
"32446","32292","19449",,"http://www.vondel.humanities.uva.nl/ecartico/persons/19449","0","1","0","1","0","1"
"32443","23942","7174",,"http://www.vondel.humanities.uva.nl/ecartico/persons/7174","0","1","0","1","0","1"
"32440","53853","7169",,"http://www.vondel.humanities.uva.nl/ecartico/persons/7169","0","1","0","1","0","1"
"32485","32623","7569",,"http://www.vondel.humanities.uva.nl/ecartico/persons/7569","0","1","0","1","0","1"
"32487","17340","7615",,"http://www.vondel.humanities.uva.nl/ecartico/persons/7615","0","1","0","1","0","1"
"32488","17347","7622",,"http://www.vondel.humanities.uva.nl/ecartico/persons/7622","0","1","0","1","0","1"
"32581","38182","12923",,"http://www.vondel.humanities.uva.nl/ecartico/persons/12923","0","1","0","1","0","1"
"32569","33239","8702",,"http://www.vondel.humanities.uva.nl/ecartico/persons/8702","0","1","1","1","0","1"
"32555","18087","19686",,"http://www.vondel.humanities.uva.nl/ecartico/persons/19686","0","1","0","1","0","1"
"32545","33017","7983",,"http://www.vondel.humanities.uva.nl/ecartico/persons/7983","0","1","1","1","0","1"
"32538","32984","7946",,"http://www.vondel.humanities.uva.nl/ecartico/persons/7946","0","1","0","1","0","1"
"32505","32857","7826",,"http://www.vondel.humanities.uva.nl/ecartico/persons/7826","0","1","1","1","0","1"
"32500","24032","412",,"http://www.vondel.humanities.uva.nl/ecartico/persons/412","0","1","1","1","0","1"
"32497","32781","7758",,"http://www.vondel.humanities.uva.nl/ecartico/persons/7758","0","1","1","1","0","1"
"32491","32713","7653",,"http://www.vondel.humanities.uva.nl/ecartico/persons/7653","0","1","0","1","0","1"
"32490","24023","7639",,"http://www.vondel.humanities.uva.nl/ecartico/persons/7639","0","1","0","1","0","1"
"32438","32226","7091",,"http://www.vondel.humanities.uva.nl/ecartico/persons/7091","0","1","0","1","0","1"
"32190","23484","4847",,"http://www.vondel.humanities.uva.nl/ecartico/persons/4847","0","1","1","1","0","1"
"31994","28461","3316",,"http://www.vondel.humanities.uva.nl/ecartico/persons/3316","0","0","1","1","1","1"
"31913","27576","2349",,"http://www.vondel.humanities.uva.nl/ecartico/persons/2349","0","1","1","1","0","1"
"31911","27574","2345",,"http://www.vondel.humanities.uva.nl/ecartico/persons/2345","0","1","1","1","0","1"
"31904","22976","2272",,"http://www.vondel.humanities.uva.nl/ecartico/persons/2272","0","1","1","1","0","1"
"31900","27511","2216",,"http://www.vondel.humanities.uva.nl/ecartico/persons/2216","0","1","1","1","0","1"
"31899","27477","17856",,"http://www.vondel.humanities.uva.nl/ecartico/persons/17856","0","1","0","1","0","1"
"31896","27443","3410",,"http://www.vondel.humanities.uva.nl/ecartico/persons/3410","0","1","0","1","0","1"
"31894","27422","17842",,"http://www.vondel.humanities.uva.nl/ecartico/persons/17842","0","1","0","1","0","1"
"31892","27371","1919",,"http://www.vondel.humanities.uva.nl/ecartico/persons/1919","0","1","1","1","0","1"
"31891","27365","1890",,"http://www.vondel.humanities.uva.nl/ecartico/persons/1890","0","1","1","1","0","1"
"31890","27363","1884",,"http://www.vondel.humanities.uva.nl/ecartico/persons/1884","0","1","1","1","0","1"
"31921","27743","2445",,"http://www.vondel.humanities.uva.nl/ecartico/persons/2445","0","1","0","1","0","1"
"31924","27753","17926",,"http://www.vondel.humanities.uva.nl/ecartico/persons/17926","0","1","0","1","0","1"
"31925","27759","263",,"http://www.vondel.humanities.uva.nl/ecartico/persons/263","0","1","0","1","1","1"
"31983","28383","3197",,"http://www.vondel.humanities.uva.nl/ecartico/persons/3197","0","1","0","1","0","1"
"31982","28327","18111",,"http://www.vondel.humanities.uva.nl/ecartico/persons/18111","0","1","0","1","0","1"
"31971","28224","3038",,"http://www.vondel.humanities.uva.nl/ecartico/persons/3038","0","1","0","1","0","1"
"31963","79199","2935",,"http://www.vondel.humanities.uva.nl/ecartico/persons/2935","0","1","1","1","0","1"
"31960","28079","18037",,"http://www.vondel.humanities.uva.nl/ecartico/persons/18037","0","1","0","1","0","1"
"31959","28067","2805",,"http://www.vondel.humanities.uva.nl/ecartico/persons/2805","0","1","1","1","0","1"
"31958","52904","13017",,"http://www.vondel.humanities.uva.nl/ecartico/persons/13017","0","1","0","1","0","1"
"31947","23044","2720",,"http://www.vondel.humanities.uva.nl/ecartico/persons/2720","0","1","1","1","0","1"
"31934","27888","2640",,"http://www.vondel.humanities.uva.nl/ecartico/persons/2640","0","1","1","1","0","1"
"31932","23022","2619",,"http://www.vondel.humanities.uva.nl/ecartico/persons/2619","0","1","0","1","0","1"
"31875","56812","1768",,"http://www.vondel.humanities.uva.nl/ecartico/persons/1768","0","1","0","1","0","1"
"31859","27162","1637",,"http://www.vondel.humanities.uva.nl/ecartico/persons/1637","0","1","0","1","0","1"
"31794","26594","1093",,"http://www.vondel.humanities.uva.nl/ecartico/persons/1093","0","1","0","1","0","1"
"31793","26577","1061",,"http://www.vondel.humanities.uva.nl/ecartico/persons/1061","0","1","1","1","0","1"
"31759","24409","901",,"http://www.vondel.humanities.uva.nl/ecartico/persons/901","0","1","0","1","0","1"
"31753","22821","827",,"http://www.vondel.humanities.uva.nl/ecartico/persons/827","0","1","1","1","0","1"
"31750","57640","797",,"http://www.vondel.humanities.uva.nl/ecartico/persons/797","0","1","1","1","0","1"
"31742","26161","10067",,"http://www.vondel.humanities.uva.nl/ecartico/persons/10067","0","1","0","1","0","1"
"31739","26153","10461",,"http://www.vondel.humanities.uva.nl/ecartico/persons/10461","0","1","1","1","0","1"
"31729","26082","694",,"http://www.vondel.humanities.uva.nl/ecartico/persons/694","0","1","1","1","0","1"
"31728","26051","11615",,"http://www.vondel.humanities.uva.nl/ecartico/persons/11615","0","1","0","1","0","1"
"31711","557","657",,"http://www.vondel.humanities.uva.nl/ecartico/persons/657","0","1","1","1","0","1"
"31801","56193","1133",,"http://www.vondel.humanities.uva.nl/ecartico/persons/1133","0","1","0","1","0","1"
"31806","2055","17588",,"http://www.vondel.humanities.uva.nl/ecartico/persons/17588","0","1","0","1","0","1"
"31809","26691","1179",,"http://www.vondel.humanities.uva.nl/ecartico/persons/1179","0","1","1","1","0","1"
"31855","27118","4202",,"http://www.vondel.humanities.uva.nl/ecartico/persons/4202","0","1","1","1","0","1"
"31846","26968","1455",,"http://www.vondel.humanities.uva.nl/ecartico/persons/1455","0","1","1","1","0","1"
"31841","26929","1436",,"http://www.vondel.humanities.uva.nl/ecartico/persons/1436","0","1","0","1","0","1"
"31839","26849","1384",,"http://www.vondel.humanities.uva.nl/ecartico/persons/1384","0","1","1","1","0","1"
"31838","26841","1375",,"http://www.vondel.humanities.uva.nl/ecartico/persons/1375","0","1","1","1","0","1"
"31836","26840","17659",,"http://www.vondel.humanities.uva.nl/ecartico/persons/17659","0","1","0","1","0","1"
"31831","26825","17653",,"http://www.vondel.humanities.uva.nl/ecartico/persons/17653","0","1","0","1","0","1"
"31828","26823","17652",,"http://www.vondel.humanities.uva.nl/ecartico/persons/17652","0","1","0","1","0","1"
"31825","22894","1354",,"http://www.vondel.humanities.uva.nl/ecartico/persons/1354","0","1","1","1","0","1"
"31811","26695","17605",,"http://www.vondel.humanities.uva.nl/ecartico/persons/17605","0","1","0","1","0","1"
"31695","25691","421",,"http://www.vondel.humanities.uva.nl/ecartico/persons/421","0","1","1","1","0","1"
"31996","28467","3319",,"http://www.vondel.humanities.uva.nl/ecartico/persons/3319","0","1","1","1","0","1"
"32189","11111","4841",,"http://www.vondel.humanities.uva.nl/ecartico/persons/4841","0","1","1","1","0","1"
"32143","29539","18574",,"http://www.vondel.humanities.uva.nl/ecartico/persons/18574","0","1","0","1","0","1"
"32141","29530","4338",,"http://www.vondel.humanities.uva.nl/ecartico/persons/4338","0","1","0","1","0","1"
"32133","23354","4299",,"http://www.vondel.humanities.uva.nl/ecartico/persons/4299","0","1","0","1","0","1"
"32132","29466","8798",,"http://www.vondel.humanities.uva.nl/ecartico/persons/8798","0","1","0","1","0","1"
"32130","9016","4276",,"http://www.vondel.humanities.uva.nl/ecartico/persons/4276","0","1","1","1","0","1"
"32127","29444","4268",,"http://www.vondel.humanities.uva.nl/ecartico/persons/4268","0","1","0","1","0","1"
"32119","29357","18510",,"http://www.vondel.humanities.uva.nl/ecartico/persons/18510","0","1","0","1","0","1"
"32117","29313","4178",,"http://www.vondel.humanities.uva.nl/ecartico/persons/4178","0","1","1","1","1","1"
"32116","29233","4164",,"http://www.vondel.humanities.uva.nl/ecartico/persons/4164","0","0","1","1","0","1"
"32112","29301","4154",,"http://www.vondel.humanities.uva.nl/ecartico/persons/4154","0","1","1","1","0","1"
"32146","23383","4379",,"http://www.vondel.humanities.uva.nl/ecartico/persons/4379","0","1","0","1","0","1"
"32148","29600","4380",,"http://www.vondel.humanities.uva.nl/ecartico/persons/4380","0","1","1","1","0","1"
"32153","57879","18642",,"http://www.vondel.humanities.uva.nl/ecartico/persons/18642","0","1","0","1","0","1"
"32185","10972","4765",,"http://www.vondel.humanities.uva.nl/ecartico/persons/4765","0","1","0","1","0","1"
"32184","23479","4759",,"http://www.vondel.humanities.uva.nl/ecartico/persons/4759","0","1","1","1","0","1"
"32183","23478","11058",,"http://www.vondel.humanities.uva.nl/ecartico/persons/11058","0","1","1","1","0","1"
"32181","30052","18759",,"http://www.vondel.humanities.uva.nl/ecartico/persons/18759","0","1","0","1","0","1"
"32168","29929","4641",,"http://www.vondel.humanities.uva.nl/ecartico/persons/4641","0","1","0","1","1","1"
"32164","10556","4591",,"http://www.vondel.humanities.uva.nl/ecartico/persons/4591","0","1","0","1","0","1"
"32159","29850","18671",,"http://www.vondel.humanities.uva.nl/ecartico/persons/18671","0","1","0","1","0","1"
"32158","23427","4493",,"http://www.vondel.humanities.uva.nl/ecartico/persons/4493","0","1","1","1","0","1"
"32157","29816","4491",,"http://www.vondel.humanities.uva.nl/ecartico/persons/4491","0","1","1","1","0","1"
"32155","10168","4470",,"http://www.vondel.humanities.uva.nl/ecartico/persons/4470","0","1","0","1","0","1"
"32111","29272","4130",,"http://www.vondel.humanities.uva.nl/ecartico/persons/4130","0","1","0","1","0","1"
"32095","29127","3959",,"http://www.vondel.humanities.uva.nl/ecartico/persons/3959","0","1","1","1","0","1"
"32054","28928","3789",,"http://www.vondel.humanities.uva.nl/ecartico/persons/3789","0","1","1","1","0","1"
"32053","28884","3748",,"http://www.vondel.humanities.uva.nl/ecartico/persons/3748","0","1","0","1","1","1"
"32052","23255","3731",,"http://www.vondel.humanities.uva.nl/ecartico/persons/3731","0","1","1","1","0","1"
"32049","7401","3709",,"http://www.vondel.humanities.uva.nl/ecartico/persons/3709","0","1","1","1","1","1"
"32044","23241","18331",,"http://www.vondel.humanities.uva.nl/ecartico/persons/18331","0","1","0","1","0","1"
"32042","28797","375",,"http://www.vondel.humanities.uva.nl/ecartico/persons/375","0","1","1","1","0","1"
"32040","67682","3626",,"http://www.vondel.humanities.uva.nl/ecartico/persons/3626","0","1","1","1","0","1"
"32039","23228","3621",,"http://www.vondel.humanities.uva.nl/ecartico/persons/3621","0","1","1","1","0","1"
"32036","23222","3577",,"http://www.vondel.humanities.uva.nl/ecartico/persons/3577","0","1","0","1","0","1"
"32020","28593","3417",,"http://www.vondel.humanities.uva.nl/ecartico/persons/3417","0","1","1","1","0","1"
"32060","28936","18386",,"http://www.vondel.humanities.uva.nl/ecartico/persons/18386","0","1","0","1","0","1"
"32064","7742","3806",,"http://www.vondel.humanities.uva.nl/ecartico/persons/3806","0","1","0","1","0","1"
"32069","7763","3826",,"http://www.vondel.humanities.uva.nl/ecartico/persons/3826","0","1","0","1","0","1"
"32094","29126","3958",,"http://www.vondel.humanities.uva.nl/ecartico/persons/3958","0","1","0","1","0","1"
"32093","48907","11636",,"http://www.vondel.humanities.uva.nl/ecartico/persons/11636","0","1","0","1","0","1"
"32090","8131","407",,"http://www.vondel.humanities.uva.nl/ecartico/persons/407","0","1","0","1","0","1"
"32089","29073","3920",,"http://www.vondel.humanities.uva.nl/ecartico/persons/3920","0","1","1","1","0","1"
"32087","29060","3909",,"http://www.vondel.humanities.uva.nl/ecartico/persons/3909","0","1","0","1","0","1"
"32085","7891","3884",,"http://www.vondel.humanities.uva.nl/ecartico/persons/3884","0","1","1","1","0","1"
"32081","29025","18411",,"http://www.vondel.humanities.uva.nl/ecartico/persons/18411","0","1","0","1","0","1"
"32080","7812","3846",,"http://www.vondel.humanities.uva.nl/ecartico/persons/3846","0","1","1","1","1","1"
"32074","7775","13550",,"http://www.vondel.humanities.uva.nl/ecartico/persons/13550","0","1","0","1","0","1"
"32072","48639","13549",,"http://www.vondel.humanities.uva.nl/ecartico/persons/13549","0","1","0","1","0","1"
"32015","28509","18188",,"http://www.vondel.humanities.uva.nl/ecartico/persons/18188","0","1","0","1","0","1"
"139","23090","2973",,"http://www.vondel.humanities.uva.nl/ecartico/persons/2973","1","1","1","1","1","1"
"164","28707","3569",,"http://www.vondel.humanities.uva.nl/ecartico/persons/3569","1","1","1","1","1","1"
"165","7188","3619",,"http://www.vondel.humanities.uva.nl/ecartico/persons/3619","1","1","1","1","0","1"
"169","28834","3695",,"http://www.vondel.humanities.uva.nl/ecartico/persons/3695","1","1","0","1","0","1"
"175","23270","3798",,"http://www.vondel.humanities.uva.nl/ecartico/persons/3798","1","1","1","1","0","1"
"176","7802","3839",,"http://www.vondel.humanities.uva.nl/ecartico/persons/3839","1","1","1","1","0","1"
"182","7889","3880",,"http://www.vondel.humanities.uva.nl/ecartico/persons/3880","1","1","1","1","0","1"
"183","23283","10178",,"http://www.vondel.humanities.uva.nl/ecartico/persons/10178","1","1","1","1","0","1"
"186","29133","3971",,"http://www.vondel.humanities.uva.nl/ecartico/persons/3971","1","1","0","1","0","1"
"163","28706","3559",,"http://www.vondel.humanities.uva.nl/ecartico/persons/3559","1","1","1","1","0","1"
"161","28628","3473",,"http://www.vondel.humanities.uva.nl/ecartico/persons/3473","1","1","1","1","0","1"
"155","6249","12922",,"http://www.vondel.humanities.uva.nl/ecartico/persons/12922","1","1","0","1","0","1"
"141","28183","8713",,"http://www.vondel.humanities.uva.nl/ecartico/persons/8713","1","1","1","1","1","1"
"143","55665","9612",,"http://www.vondel.humanities.uva.nl/ecartico/persons/9612","1","1","0","1","0","1"
"145","28269","3070",,"http://www.vondel.humanities.uva.nl/ecartico/persons/3070","1","1","1","1","0","1"
"146","28316","3116",,"http://www.vondel.humanities.uva.nl/ecartico/persons/3116","1","1","0","1","0","1"
"147","28335","3128",,"http://www.vondel.humanities.uva.nl/ecartico/persons/3128","1","1","0","1","0","1"
"149","23130","3160",,"http://www.vondel.humanities.uva.nl/ecartico/persons/3160","1","1","0","1","0","1"
"151","23149","312",,"http://www.vondel.humanities.uva.nl/ecartico/persons/312","1","1","1","1","1","1"
"153","6110","3273",,"http://www.vondel.humanities.uva.nl/ecartico/persons/3273","1","1","1","1","0","1"
"187","80213","406",,"http://www.vondel.humanities.uva.nl/ecartico/persons/406","1","1","1","1","0","1"
"220","29351","4199",,"http://www.vondel.humanities.uva.nl/ecartico/persons/4199","1","1","1","1","0","1"
"221","29410","4222",,"http://www.vondel.humanities.uva.nl/ecartico/persons/4222","1","1","1","1","0","1"
"260","11722","5269",,"http://www.vondel.humanities.uva.nl/ecartico/persons/5269","1","1","0","1","0","1"
"261","30386","5270",,"http://www.vondel.humanities.uva.nl/ecartico/persons/5270","1","1","1","1","0","1"
"262","30387","5271",,"http://www.vondel.humanities.uva.nl/ecartico/persons/5271","1","1","0","1","0","1"
"263","30451","5324",,"http://www.vondel.humanities.uva.nl/ecartico/persons/5324","1","1","1","1","0","1"
"265","30526","5508",,"http://www.vondel.humanities.uva.nl/ecartico/persons/5508","1","1","1","1","0","1"
"267","23590","5523",,"http://www.vondel.humanities.uva.nl/ecartico/persons/5523","1","1","1","1","0","1"
"269","23592","5538",,"http://www.vondel.humanities.uva.nl/ecartico/persons/5538","1","0","0","1","0","1"
"270","59931","5574",,"http://www.vondel.humanities.uva.nl/ecartico/persons/5574","1","1","1","1","0","1"
"259","30381","5268",,"http://www.vondel.humanities.uva.nl/ecartico/persons/5268","1","1","0","1","0","1"
"258","30367","5262",,"http://www.vondel.humanities.uva.nl/ecartico/persons/5262","1","1","0","1","0","1"
"257","30352","5245",,"http://www.vondel.humanities.uva.nl/ecartico/persons/5245","1","1","0","1","0","1"
"231","24976","4413",,"http://www.vondel.humanities.uva.nl/ecartico/persons/4413","1","1","0","1","0","1"
"233","10056","4438",,"http://www.vondel.humanities.uva.nl/ecartico/persons/4438","1","1","1","1","0","1"
"241","23442","4574",,"http://www.vondel.humanities.uva.nl/ecartico/persons/4574","1","1","1","1","0","1"
"242","23448","4637",,"http://www.vondel.humanities.uva.nl/ecartico/persons/4637","1","1","1","1","0","1"
"244","29999","4713",,"http://www.vondel.humanities.uva.nl/ecartico/persons/4713","1","1","0","1","0","1"
"247","10974","4766",,"http://www.vondel.humanities.uva.nl/ecartico/persons/4766","1","1","0","1","0","1"
"249","11052","4814",,"http://www.vondel.humanities.uva.nl/ecartico/persons/4814","1","1","1","1","0","1"
"254","23534","5204",,"http://www.vondel.humanities.uva.nl/ecartico/persons/5204","1","1","1","1","0","1"
"271","30625","5605",,"http://www.vondel.humanities.uva.nl/ecartico/persons/5605","1","1","1","1","0","1"
"138","78676","281",,"http://www.vondel.humanities.uva.nl/ecartico/persons/281","1","1","0","1","0","1"
"1","25676","9203",,"http://www.vondel.humanities.uva.nl/ecartico/persons/9203","1","1","0","1","0","1"
"48","26547","1034",,"http://www.vondel.humanities.uva.nl/ecartico/persons/1034","1","1","1","1","0","1"
"49","26550","1038",,"http://www.vondel.humanities.uva.nl/ecartico/persons/1038","1","1","1","1","0","1"
"57","22870","1118",,"http://www.vondel.humanities.uva.nl/ecartico/persons/1118","1","1","1","1","0","1"
"59","2092","79",,"http://www.vondel.humanities.uva.nl/ecartico/persons/79","1","1","1","1","0","1"
"67","26808","1353",,"http://www.vondel.humanities.uva.nl/ecartico/persons/1353","1","1","1","1","0","1"
"70","26835","1366",,"http://www.vondel.humanities.uva.nl/ecartico/persons/1366","1","1","1","1","0","1"
"75","26846","1383",,"http://www.vondel.humanities.uva.nl/ecartico/persons/1383","1","1","1","1","0","1"
"78","22911","1443",,"http://www.vondel.humanities.uva.nl/ecartico/persons/1443","1","1","1","1","0","1"
"46","22863","1029",,"http://www.vondel.humanities.uva.nl/ecartico/persons/1029","1","1","1","1","0","1"
"39","1605","1000",,"http://www.vondel.humanities.uva.nl/ecartico/persons/1000","1","1","1","1","0","1"
"38","1604","13535",,"http://www.vondel.humanities.uva.nl/ecartico/persons/13535","1","1","0","1","0","1"
"5","25762","21123",,"http://www.vondel.humanities.uva.nl/ecartico/persons/21123","1","1","1","1","0","1"
"14","22787","15",,"http://www.vondel.humanities.uva.nl/ecartico/persons/15","1","1","1","1","0","1"
"19","26084","701",,"http://www.vondel.humanities.uva.nl/ecartico/persons/701","1","1","0","1","0","1"
"20","26093","713",,"http://www.vondel.humanities.uva.nl/ecartico/persons/713","1","1","1","1","0","1"
"22","22806","749",,"http://www.vondel.humanities.uva.nl/ecartico/persons/749","1","1","1","1","0","1"
"25","26235","802",,"http://www.vondel.humanities.uva.nl/ecartico/persons/802","1","1","0","1","1","1"
"29","22836","888",,"http://www.vondel.humanities.uva.nl/ecartico/persons/888","1","1","1","1","0","1"
"30","22837","889",,"http://www.vondel.humanities.uva.nl/ecartico/persons/889","1","1","1","1","0","1"
"82","2824","1489",,"http://www.vondel.humanities.uva.nl/ecartico/persons/1489","1","1","1","1","0","1"
"87","3093","1616",,"http://www.vondel.humanities.uva.nl/ecartico/persons/1616","1","1","1","1","0","1"
"88","27133","1624",,"http://www.vondel.humanities.uva.nl/ecartico/persons/1624","1","1","1","1","0","1"
"116","27783","2530",,"http://www.vondel.humanities.uva.nl/ecartico/persons/2530","1","1","0","1","0","1"
"119","4456","2570",,"http://www.vondel.humanities.uva.nl/ecartico/persons/2570","1","1","1","1","0","1"
"121","27856","2603",,"http://www.vondel.humanities.uva.nl/ecartico/persons/2603","1","1","1","1","0","1"
"125","4601","2652",,"http://www.vondel.humanities.uva.nl/ecartico/persons/2652","1","1","1","1","0","1"
"127","27917","2668",,"http://www.vondel.humanities.uva.nl/ecartico/persons/2668","1","1","0","1","1","1"
"128","27919","258",,"http://www.vondel.humanities.uva.nl/ecartico/persons/258","1","1","0","1","1","1"
"129","27925","2692",,"http://www.vondel.humanities.uva.nl/ecartico/persons/2692","1","1","1","1","1","1"
"130","27938","2712",,"http://www.vondel.humanities.uva.nl/ecartico/persons/2712","1","1","1","1","1","1"
"113","27716","227",,"http://www.vondel.humanities.uva.nl/ecartico/persons/227","1","1","0","1","0","1"
"111","4081","17208",,"http://www.vondel.humanities.uva.nl/ecartico/persons/17208","1","1","0","1","0","1"
"110","27670","2404",,"http://www.vondel.humanities.uva.nl/ecartico/persons/2404","1","1","1","1","1","1"
"91","27215","154",,"http://www.vondel.humanities.uva.nl/ecartico/persons/154","1","1","0","1","0","1"
"92","27275","1707",,"http://www.vondel.humanities.uva.nl/ecartico/persons/1707","1","1","1","1","1","1"
"96","27421","2035",,"http://www.vondel.humanities.uva.nl/ecartico/persons/2035","1","1","1","1","0","1"
"97","27432","2058",,"http://www.vondel.humanities.uva.nl/ecartico/persons/2058","1","1","0","1","0","1"
"101","24560","2278",,"http://www.vondel.humanities.uva.nl/ecartico/persons/2278","1","1","1","1","0","1"
"103","27575","2346",,"http://www.vondel.humanities.uva.nl/ecartico/persons/2346","1","1","1","1","0","1"
"108","27643","215",,"http://www.vondel.humanities.uva.nl/ecartico/persons/215","1","1","0","1","0","1"
"109","3950","8549",,"http://www.vondel.humanities.uva.nl/ecartico/persons/8549","1","1","0","1","0","1"
"131","27955","2735",,"http://www.vondel.humanities.uva.nl/ecartico/persons/2735","1","1","0","1","0","1"
"272","25176","5607",,"http://www.vondel.humanities.uva.nl/ecartico/persons/5607","1","1","0","1","0","1"
"330","15047","8554",,"http://www.vondel.humanities.uva.nl/ecartico/persons/8554","1","1","1","1","0","1"
"361","32555","7496",,"http://www.vondel.humanities.uva.nl/ecartico/persons/7496","1","1","0","1","1","1"
"362","32560","7503",,"http://www.vondel.humanities.uva.nl/ecartico/persons/7503","1","1","0","1","0","1"
"364","32588","7534",,"http://www.vondel.humanities.uva.nl/ecartico/persons/7534","1","1","0","1","0","1"
"365","32591","7538",,"http://www.vondel.humanities.uva.nl/ecartico/persons/7538","1","1","0","1","0","1"
"368","24006","7561",,"http://www.vondel.humanities.uva.nl/ecartico/persons/7561","1","1","0","1","0","1"
"371","32682","7594",,"http://www.vondel.humanities.uva.nl/ecartico/persons/7594","1","1","0","1","0","1"
"376","17540","17140",,"http://www.vondel.humanities.uva.nl/ecartico/persons/17140","1","1","1","1","0","1"
"377","17574","7769",,"http://www.vondel.humanities.uva.nl/ecartico/persons/7769","1","1","1","1","0","1"
"379","32819","7809",,"http://www.vondel.humanities.uva.nl/ecartico/persons/7809","1","1","0","1","0","1"
"360","23994","11639",,"http://www.vondel.humanities.uva.nl/ecartico/persons/11639","1","1","0","1","0","1"
"358","17038","8861",,"http://www.vondel.humanities.uva.nl/ecartico/persons/8861","1","1","0","1","1","1"
"333","31955","6773",,"http://www.vondel.humanities.uva.nl/ecartico/persons/6773","1","1","1","1","0","1"
"335","31986","6818",,"http://www.vondel.humanities.uva.nl/ecartico/persons/6818","1","1","1","1","0","1"
"339","32058","19357",,"http://www.vondel.humanities.uva.nl/ecartico/persons/19357","1","1","0","1","0","1"
"342","32082","6925",,"http://www.vondel.humanities.uva.nl/ecartico/persons/6925","1","1","0","1","0","1"
"345","32197","7049",,"http://www.vondel.humanities.uva.nl/ecartico/persons/7049","1","1","1","1","0","1"
"346","32208","7068",,"http://www.vondel.humanities.uva.nl/ecartico/persons/7068","1","1","1","1","0","1"
"351","32340","7255",,"http://www.vondel.humanities.uva.nl/ecartico/persons/7255","1","1","0","1","0","1"
"352","32344","9632",,"http://www.vondel.humanities.uva.nl/ecartico/persons/9632","1","1","0","1","0","1"
"355","32398","7324",,"http://www.vondel.humanities.uva.nl/ecartico/persons/7324","1","1","1","1","0","1"
"383","17760","8648",,"http://www.vondel.humanities.uva.nl/ecartico/persons/8648","1","0","0","1","0","1"
"384","32964","7929",,"http://www.vondel.humanities.uva.nl/ecartico/persons/7929","1","1","0","1","0","1"
"386","32997","7955",,"http://www.vondel.humanities.uva.nl/ecartico/persons/7955","1","1","0","1","0","1"
"412","18998","8370",,"http://www.vondel.humanities.uva.nl/ecartico/persons/8370","1","1","1","1","0","1"
"414","64824","8395",,"http://www.vondel.humanities.uva.nl/ecartico/persons/8395","1","1","0","1","0","1"
"416","24204","8429",,"http://www.vondel.humanities.uva.nl/ecartico/persons/8429","1","1","0","1","0","1"
"774","31122","6069",,"http://www.vondel.humanities.uva.nl/ecartico/persons/6069","0","1","0","1","1","1"
"33235","33278","8290",,"http://www.vondel.humanities.uva.nl/ecartico/persons/8290","0","0","1","1","0","1"
"33234","33252","8264",,"http://www.vondel.humanities.uva.nl/ecartico/persons/8264","0","1","0","1","0","1"
"33232","18653","8234",,"http://www.vondel.humanities.uva.nl/ecartico/persons/8234","0","1","0","1","0","1"
"33200","32903","7873",,"http://www.vondel.humanities.uva.nl/ecartico/persons/7873","0","0","1","1","0","1"
"33199","24044","7843",,"http://www.vondel.humanities.uva.nl/ecartico/persons/7843","0","1","1","1","0","1"
"411","18976","13506",,"http://www.vondel.humanities.uva.nl/ecartico/persons/13506","1","1","0","1","0","1"
"410","18972","8351",,"http://www.vondel.humanities.uva.nl/ecartico/persons/8351","1","1","1","1","0","1"
"387","17902","9696",,"http://www.vondel.humanities.uva.nl/ecartico/persons/9696","1","1","0","1","1","1"
"390","33040","14426",,"http://www.vondel.humanities.uva.nl/ecartico/persons/14426","1","1","0","1","0","1"
"391","33043","8044",,"http://www.vondel.humanities.uva.nl/ecartico/persons/8044","1","1","0","1","0","1"
"396","67680","8152",,"http://www.vondel.humanities.uva.nl/ecartico/persons/8152","1","1","1","1","0","1"
"398","33123","8168",,"http://www.vondel.humanities.uva.nl/ecartico/persons/8168","1","1","1","1","0","1"
"400","79718","8189",,"http://www.vondel.humanities.uva.nl/ecartico/persons/8189","1","1","1","1","0","1"
"401","24144","8752",,"http://www.vondel.humanities.uva.nl/ecartico/persons/8752","1","1","1","1","1","1"
"402","33172","8755",,"http://www.vondel.humanities.uva.nl/ecartico/persons/8755","1","1","1","1","0","1"
"406","18841","8284",,"http://www.vondel.humanities.uva.nl/ecartico/persons/8284","1","1","1","1","0","1"
"33178","24005","7542",,"http://www.vondel.humanities.uva.nl/ecartico/persons/7542","0","1","1","1","0","1"
"290","31096","6036",,"http://www.vondel.humanities.uva.nl/ecartico/persons/6036","1","1","0","1","0","1"
"275","48560","5663",,"http://www.vondel.humanities.uva.nl/ecartico/persons/5663","1","1","1","1","0","1"
"299","23719","8862",,"http://www.vondel.humanities.uva.nl/ecartico/persons/8862","1","1","1","1","0","1"
"295","13538","6113",,"http://www.vondel.humanities.uva.nl/ecartico/persons/6113","1","1","1","1","0","1"
"328","58721","17216",,"http://www.vondel.humanities.uva.nl/ecartico/persons/17216","1","1","0","1","0","1"
"305","31366","11682",,"http://www.vondel.humanities.uva.nl/ecartico/persons/11682","1","1","1","1","0","1"
"306","31435","6281",,"http://www.vondel.humanities.uva.nl/ecartico/persons/6281","1","1","0","1","0","1"
"307","23758","14224",,"http://www.vondel.humanities.uva.nl/ecartico/persons/14224","1","1","0","1","0","1"
"313","31510","6361",,"http://www.vondel.humanities.uva.nl/ecartico/persons/6361","1","1","1","1","0","1"
"277","30775","5700",,"http://www.vondel.humanities.uva.nl/ecartico/persons/5700","1","1","0","1","0","1"
"278","30847","5789",,"http://www.vondel.humanities.uva.nl/ecartico/persons/5789","1","1","0","1","1","1"
"291","31119","6065",,"http://www.vondel.humanities.uva.nl/ecartico/persons/6065","1","1","0","1","0","1"
"282","30901","5855",,"http://www.vondel.humanities.uva.nl/ecartico/persons/5855","1","1","1","1","0","1"
"292","31156","19068",,"http://www.vondel.humanities.uva.nl/ecartico/persons/19068","1","1","0","1","0","1"
"293","13462","10027",,"http://www.vondel.humanities.uva.nl/ecartico/persons/10027","1","0","0","1","0","1"
"281","30896","19012",,"http://www.vondel.humanities.uva.nl/ecartico/persons/19012","1","1","0","1","0","1"
"280","23660","5829",,"http://www.vondel.humanities.uva.nl/ecartico/persons/5829","1","1","1","1","0","1"
"287","31070","6006",,"http://www.vondel.humanities.uva.nl/ecartico/persons/6006","1","1","1","1","0","1"
"296","31199","6114",,"http://www.vondel.humanities.uva.nl/ecartico/persons/6114","1","1","0","1","0","1"
"316","31558","6399",,"http://www.vondel.humanities.uva.nl/ecartico/persons/6399","1","1","1","1","0","1"
"318","14618","6423",,"http://www.vondel.humanities.uva.nl/ecartico/persons/6423","1","1","1","1","1","1"
"300","13706","10823",,"http://www.vondel.humanities.uva.nl/ecartico/persons/10823","1","1","0","1","0","1"
"321","14736","6517",,"http://www.vondel.humanities.uva.nl/ecartico/persons/6517","1","1","1","1","0","1"
"326","31795","9880",,"http://www.vondel.humanities.uva.nl/ecartico/persons/9880","1","1","0","1","0","1"
"323","31733","6582",,"http://www.vondel.humanities.uva.nl/ecartico/persons/6582","1","1","1","1","0","1"
"322","31664","6520",,"http://www.vondel.humanities.uva.nl/ecartico/persons/6520","1","1","1","1","0","1"
"273","30648","5619",,"http://www.vondel.humanities.uva.nl/ecartico/persons/5619","1","1","0","1","0","1"
"320","31641","6463",,"http://www.vondel.humanities.uva.nl/ecartico/persons/6463","1","1","0","1","0","1"
"274","30664","5637",,"http://www.vondel.humanities.uva.nl/ecartico/persons/5637","1","1","0","1","0","1"
"319","23812","6454",,"http://www.vondel.humanities.uva.nl/ecartico/persons/6454","1","1","1","1","0","1"
"33271","28947","3795",,"http://www.vondel.humanities.uva.nl/ecartico/persons/3795","0","1","1","0","0","1"
"33260","22776","636",,"http://www.vondel.humanities.uva.nl/ecartico/persons/636","0","1","1","0","0","1"
"33259","27444","5761",,"http://www.vondel.humanities.uva.nl/ecartico/persons/5761","0","1","1","0","0","1"
"33274","26888","1398",,"http://www.vondel.humanities.uva.nl/ecartico/persons/1398","0","1","1","0","0","1"
"33258","65446","21512",,"http://www.vondel.humanities.uva.nl/ecartico/persons/21512","0","1","1","0","0","1"
"33275","24093","8105",,"http://www.vondel.humanities.uva.nl/ecartico/persons/8105","0","1","1","0","0","1"
"33268","30049","4753",,"http://www.vondel.humanities.uva.nl/ecartico/persons/4753","0","0","1","0","0","1"
"33276","26901","1405",,"http://www.vondel.humanities.uva.nl/ecartico/persons/1405","0","0","1","0","0","1"
"33277","28552","3394",,"http://www.vondel.humanities.uva.nl/ecartico/persons/3394","0","1","1","0","0","1"
"33261","49058","999",,"http://www.vondel.humanities.uva.nl/ecartico/persons/999","0","1","1","0","0","1"
"33262","22771","617",,"http://www.vondel.humanities.uva.nl/ecartico/persons/617","0","1","1","0","0","1"
"33266","26257","826",,"http://www.vondel.humanities.uva.nl/ecartico/persons/826","0","1","1","0","0","1"
"33270","32132","6968",,"http://www.vondel.humanities.uva.nl/ecartico/persons/6968","0","1","1","0","0","1"
"33263","25951","642",,"http://www.vondel.humanities.uva.nl/ecartico/persons/642","0","1","1","0","0","1"
"33265","26256","825",,"http://www.vondel.humanities.uva.nl/ecartico/persons/825","0","1","1","0","0","1"
"33272","30518","5478",,"http://www.vondel.humanities.uva.nl/ecartico/persons/5478","0","1","1","0","0","1"
"33267","52003","655",,"http://www.vondel.humanities.uva.nl/ecartico/persons/655","0","0","1","0","0","1"
"33269","64633","4849",,"http://www.vondel.humanities.uva.nl/ecartico/persons/4849","0","1","1","0","0","1"
"33264","22786","673",,"http://www.vondel.humanities.uva.nl/ecartico/persons/673","0","1","1","0","0","1"
"33273","14700","6449",,"http://www.vondel.humanities.uva.nl/ecartico/persons/6449","0","1","1","0","0","1"
"33278","78554","125",,"http://www.vondel.humanities.uva.nl/ecartico/persons/125","0","1","1","0","0","1"
"33293","30375","5264",,"http://www.vondel.humanities.uva.nl/ecartico/persons/5264","0","1","1","0","0","1"
"33294","79043","22240",,"http://www.vondel.humanities.uva.nl/ecartico/persons/22240","0","1","1","0","0","1"
"33295","28929","3791",,"http://www.vondel.humanities.uva.nl/ecartico/persons/3791","0","1","1","0","0","1"
"33296","32399","7326",,"http://www.vondel.humanities.uva.nl/ecartico/persons/7326","0","0","1","0","0","1"
"33297","30970","5894",,"http://www.vondel.humanities.uva.nl/ecartico/persons/5894","0","0","1","0","0","1"
"33298","53530","3143",,"http://www.vondel.humanities.uva.nl/ecartico/persons/3143","0","1","1","0","0","1"
"33299","26745","1293",,"http://www.vondel.humanities.uva.nl/ecartico/persons/1293","0","1","1","0","0","1"
"33300","32730","7680",,"http://www.vondel.humanities.uva.nl/ecartico/persons/7680","0","1","1","0","0","1"
"33301","53398","7280",,"http://www.vondel.humanities.uva.nl/ecartico/persons/7280","0","1","1","0","0","1"
"33302","32969","7930",,"http://www.vondel.humanities.uva.nl/ecartico/persons/7930","0","1","1","0","0","1"
"33303","27314","1752",,"http://www.vondel.humanities.uva.nl/ecartico/persons/1752","0","1","1","0","0","1"
"33304","32329","7238",,"http://www.vondel.humanities.uva.nl/ecartico/persons/7238","0","1","1","0","0","1"
"33292","78681","22209",,"http://www.vondel.humanities.uva.nl/ecartico/persons/22209","0","1","1","0","0","1"
"33291","51887","22206",,"http://www.vondel.humanities.uva.nl/ecartico/persons/22206","0","1","1","0","0","1"
"33279","54062","1423",,"http://www.vondel.humanities.uva.nl/ecartico/persons/1423","0","1","1","0","0","1"
"33280","28257","3063",,"http://www.vondel.humanities.uva.nl/ecartico/persons/3063","0","1","1","0","0","1"
"33281","71272","8427",,"http://www.vondel.humanities.uva.nl/ecartico/persons/8427","0","1","1","0","0","1"
"33282","30617","5591",,"http://www.vondel.humanities.uva.nl/ecartico/persons/5591","0","1","1","0","0","1"
"33289","23459","22195",,"http://www.vondel.humanities.uva.nl/ecartico/persons/22195","0","1","1","0","0","1"
"33283","32901","7871",,"http://www.vondel.humanities.uva.nl/ecartico/persons/7871","0","0","1","0","0","1"
"33284","52051","5551",,"http://www.vondel.humanities.uva.nl/ecartico/persons/5551","0","1","1","0","0","1"
"33285","28571","3457",,"http://www.vondel.humanities.uva.nl/ecartico/persons/3457","0","1","1","0","0","1"
"33286","79026","7757",,"http://www.vondel.humanities.uva.nl/ecartico/persons/7757","0","1","1","0","0","1"
"33287","24624","2547",,"http://www.vondel.humanities.uva.nl/ecartico/persons/2547","0","1","1","0","0","1"
"33288","23481","4774",,"http://www.vondel.humanities.uva.nl/ecartico/persons/4774","0","1","1","0","0","1"
"33290","29983","22199",,"http://www.vondel.humanities.uva.nl/ecartico/persons/22199","0","1","1","0","0","1"
"33305","79719","633",,"http://www.vondel.humanities.uva.nl/ecartico/persons/633","0","1","1","0","0","1"
"33257","71783","4361",,"http://www.vondel.humanities.uva.nl/ecartico/persons/4361","0","1","1","0","0","1"
"332","53108","6745",,"http://www.vondel.humanities.uva.nl/ecartico/persons/6745","1","1","1","0","0","1"
"217","8629","4155",,"http://www.vondel.humanities.uva.nl/ecartico/persons/4155","1","1","1","0","0","1"
"100","27492","2194",,"http://www.vondel.humanities.uva.nl/ecartico/persons/2194","1","1","1","0","0","1"
"226","29521","4332",,"http://www.vondel.humanities.uva.nl/ecartico/persons/4332","1","1","1","0","0","1"
"150","28414","3239",,"http://www.vondel.humanities.uva.nl/ecartico/persons/3239","1","1","1","0","0","1"
"297","13546","10409",,"http://www.vondel.humanities.uva.nl/ecartico/persons/10409","1","1","1","0","0","1"
"84","56626","12250",,"http://www.vondel.humanities.uva.nl/ecartico/persons/12250","1","1","1","0","0","1"
"83","27014","1497",,"http://www.vondel.humanities.uva.nl/ecartico/persons/1497","1","1","1","0","0","1"
"395","33085","8103",,"http://www.vondel.humanities.uva.nl/ecartico/persons/8103","1","1","1","0","0","1"
"246","52257","4762",,"http://www.vondel.humanities.uva.nl/ecartico/persons/4762","1","1","1","0","0","1"
"399","24125","8188",,"http://www.vondel.humanities.uva.nl/ecartico/persons/8188","1","1","1","0","0","1"
"185","51987","403",,"http://www.vondel.humanities.uva.nl/ecartico/persons/403","1","1","1","0","0","1"
"115","56152","2494",,"http://www.vondel.humanities.uva.nl/ecartico/persons/2494","1","1","1","0","0","1"
"329","25375","6666",,"http://www.vondel.humanities.uva.nl/ecartico/persons/6666","1","1","1","0","0","1"
"334","23889","6815",,"http://www.vondel.humanities.uva.nl/ecartico/persons/6815","1","1","1","0","0","1"
"303","13753","411",,"http://www.vondel.humanities.uva.nl/ecartico/persons/411","1","1","1","0","0","1"
"338","23898","6850",,"http://www.vondel.humanities.uva.nl/ecartico/persons/6850","1","1","1","0","0","1"
"327","23843","6632",,"http://www.vondel.humanities.uva.nl/ecartico/persons/6632","1","1","1","0","0","1"
"324","78502","6583",,"http://www.vondel.humanities.uva.nl/ecartico/persons/6583","1","1","1","0","0","1"
"167","65381","3643",,"http://www.vondel.humanities.uva.nl/ecartico/persons/3643","1","1","1","0","0","1"
"171","24835","3713",,"http://www.vondel.humanities.uva.nl/ecartico/persons/3713","1","1","1","0","0","1"
"174","53644","12106",,"http://www.vondel.humanities.uva.nl/ecartico/persons/12106","1","1","1","0","0","1"
"117","51943","2531",,"http://www.vondel.humanities.uva.nl/ecartico/persons/2531","1","1","1","0","0","1"
"50","26552","1041",,"http://www.vondel.humanities.uva.nl/ecartico/persons/1041","1","1","1","0","0","1"
"403","56138","8257",,"http://www.vondel.humanities.uva.nl/ecartico/persons/8257","1","1","1","0","0","1"
"8","53678","3",,"http://www.vondel.humanities.uva.nl/ecartico/persons/3","1","1","1","0","0","1"
"3","22747","505",,"http://www.vondel.humanities.uva.nl/ecartico/persons/505","1","1","1","0","0","1"
"2","25727","449",,"http://www.vondel.humanities.uva.nl/ecartico/persons/449","1","1","1","0","0","1"
"33249","7762","3817",,"http://www.vondel.humanities.uva.nl/ecartico/persons/3817","0","1","1","0","0","1"
"33250","10670","4651",,"http://www.vondel.humanities.uva.nl/ecartico/persons/4651","0","0","1","0","0","1"
"33251","57828","690",,"http://www.vondel.humanities.uva.nl/ecartico/persons/690","0","1","1","0","0","1"
"33252","26305","848",,"http://www.vondel.humanities.uva.nl/ecartico/persons/848","0","1","1","0","0","1"
"33253","26924","1429",,"http://www.vondel.humanities.uva.nl/ecartico/persons/1429","0","1","1","0","0","1"
"33254","31164","6083",,"http://www.vondel.humanities.uva.nl/ecartico/persons/6083","0","0","1","0","0","1"
"33255","23443","4575",,"http://www.vondel.humanities.uva.nl/ecartico/persons/4575","0","1","1","0","0","1"
"9","25860","579",,"http://www.vondel.humanities.uva.nl/ecartico/persons/579","1","1","1","0","0","1"
"10","22764","590",,"http://www.vondel.humanities.uva.nl/ecartico/persons/590","1","1","1","0","0","1"
"47","54309","1033",,"http://www.vondel.humanities.uva.nl/ecartico/persons/1033","1","1","1","0","0","1"
"42","26529","1009",,"http://www.vondel.humanities.uva.nl/ecartico/persons/1009","1","1","1","0","0","1"
"41","26526","1008",,"http://www.vondel.humanities.uva.nl/ecartico/persons/1008","1","1","1","0","0","1"
"285","23691","5986",,"http://www.vondel.humanities.uva.nl/ecartico/persons/5986","1","1","1","0","0","1"
"35","1582","996",,"http://www.vondel.humanities.uva.nl/ecartico/persons/996","1","0","1","0","0","1"
"33","22852","965",,"http://www.vondel.humanities.uva.nl/ecartico/persons/965","1","1","1","0","0","1"
"31","26358","900",,"http://www.vondel.humanities.uva.nl/ecartico/persons/900","1","1","1","0","0","1"
"24","22813","786",,"http://www.vondel.humanities.uva.nl/ecartico/persons/786","1","1","1","0","0","1"
"268","30563","5533",,"http://www.vondel.humanities.uva.nl/ecartico/persons/5533","1","1","1","0","0","1"
"11","54366","600",,"http://www.vondel.humanities.uva.nl/ecartico/persons/600","1","1","1","0","0","1"
"33256","52837","414",,"http://www.vondel.humanities.uva.nl/ecartico/persons/414","0","1","1","0","0","1"
